date,close,high,low,open,quoteVolume,volume,weightedAverage,price_usd
2016-07-24,0.00140999,0.01,0.00010098,0.00995001,17349430.531357,24099.43304216,0.0013890600000000001,0.9149595252628174
2016-07-25,0.00092461,0.00142007,0.0006686800000000001,0.00140999,13653413.205808,13184.15664746,0.00096563,0.6340936182890113
2016-07-26,0.0033100000000000004,0.004872,0.00091612,0.0009246300000000001,51999380.581571,144768.57393272,0.00278404,1.8164437900689625
2016-07-27,0.0024257,0.00379984,0.00186,0.0033,25587525.118899,72354.908804,0.00282774,1.8505740201576664
2016-07-28,0.00232,0.0025001,0.0020675999999999997,0.00243995,3118785.4079137,7175.41101111,0.0023006999999999997,1.5098666716658042
2016-07-29,0.00248442,0.0027900000000000004,0.00235514,0.0026324,7407740.292265,18818.36424125,0.00254036,1.665707274729788
2016-07-30,0.0023961,0.00265,0.00236226,0.00248442,3869384.1578918,9626.73367893,0.0024879200000000002,1.6312647946228045
2016-07-31,0.00287881,0.00305,0.0023899900000000003,0.0023899900000000003,10022388.677382,28118.65000199,0.0028055800000000002,1.7827260641006053
2016-08-01,0.00388798,0.0038900000000000002,0.00283711,0.00287547,12904291.246125,43661.58476,0.0033834900000000003,2.0961498200235296
2016-08-02,0.00510068,0.00638,0.003741,0.00388798,35231486.146717,170119.71028749,0.0048286200000000005,2.703809987504937
2016-08-03,0.004580000000000001,0.00581987,0.00411,0.00510068,19715538.614493,98313.61345104,0.0049866,2.7392922140540703
2016-08-04,0.004070000000000001,0.00485503,0.0036111,0.00459891,12790000.385257,54190.86028154,0.0042369700000000005,2.4418254590573047
2016-08-05,0.00448028,0.0046,0.00391,0.0040691600000000005,5847339.7283305,25320.23702146,0.00433021,2.485008605384564
2016-08-06,0.00459001,0.00507175,0.00436,0.00448026,5814864.2239899,27219.71073547,0.00468105,2.7083093208344593
2016-08-07,0.00363822,0.0046698,0.00335,0.00459001,10077904.021834,39099.33363192,0.0038797,2.299281831180378
2016-08-08,0.003705,0.004070000000000001,0.00339812,0.003632,4912276.5772766,18256.61078101,0.00371652,2.1978854987632785
2016-08-09,0.0033047800000000002,0.003799,0.00305,0.003705,7680514.1761939,25738.46291644,0.00335113,1.9686278965453399
2016-08-10,0.0029000000000000002,0.003495,0.0027359999999999997,0.0033101100000000002,6252949.9567707,19191.40172271,0.00306917,1.8184209965562161
2016-08-11,0.00313602,0.003339,0.00266,0.0029000000000000002,6251437.7717838,19060.8738774,0.00304903,1.807006922500071
2016-08-12,0.0031468,0.0035895999999999996,0.00288969,0.0031355999999999997,5402648.2422495,17885.62367608,0.00331052,1.9428620825661047
2016-08-13,0.003195,0.0033100000000000004,0.0031000000000000003,0.003156,1359306.0498748,4324.06812499,0.00318108,1.8665827240384425
2016-08-14,0.00337916,0.00349988,0.0031883,0.00319498,2314281.8736606,7759.86481035,0.00335303,1.92739664448367
2016-08-15,0.0032827200000000003,0.00351499,0.00323009,0.00337916,2197941.4515281,7413.36263367,0.00337286,1.916342386328332
2016-08-16,0.003218,0.00334,0.00315304,0.00328219,1207314.810161,3898.788574,0.0032293,1.8540270290538408
2016-08-17,0.0030287400000000003,0.00324999,0.00301011,0.00322,1626010.1240201,5045.95188061,0.00310327,1.782158169890904
2016-08-18,0.002928,0.00311466,0.0028501,0.00303782,1588264.4957256,4720.04632644,0.00297182,1.7058832463595757
2016-08-19,0.00309983,0.00314731,0.00279005,0.002928,2116995.4923188,6229.95459443,0.00294282,1.6886100510489253
2016-08-20,0.0029969999999999997,0.00309983,0.00287901,0.00309983,1113022.4522066,3317.90610282,0.0029809800000000003,1.720174345520076
2016-08-21,0.00297321,0.00306337,0.00292487,0.0029967600000000002,635646.63856031,1892.87782386,0.00297787,1.729833081947314
2016-08-22,0.002845,0.00300899,0.002751,0.00297312,1810848.6299139,5174.97240496,0.00285776,1.6667285334828534
2016-08-23,0.00275141,0.00289164,0.00265,0.00284505,2392177.3472398,6588.72234754,0.00275427,1.6046801711302443
2016-08-24,0.00248706,0.00282152,0.0024089999999999997,0.00275214,2340411.4364744,6072.54521032,0.00259464,1.5043094754109168
2016-08-25,0.00237016,0.00250045,0.00219082,0.0024871,3561786.894673,8408.20886575,0.00236067,1.357727114914864
2016-08-26,0.00248087,0.00257025,0.0022676,0.00237016,2318966.2203162,5590.95633058,0.00241096,1.392858765790867
2016-08-27,0.0023569999999999997,0.00254258,0.00234,0.0024820800000000002,1445927.9696532,3576.1790301,0.00247327,1.415173039163142
2016-08-28,0.0022918,0.0023913800000000002,0.00222002,0.00235992,2037551.7261302,4701.84216315,0.00230759,1.319968560097665
2016-08-29,0.00219667,0.0023403,0.0021000000000000003,0.0022918,2854189.3337062,6360.34083736,0.00222842,1.2799981100554132
2016-08-30,0.00213271,0.00228558,0.00185,0.00219558,2890197.8155698,6139.97871476,0.00212441,1.2226209444387772
2016-08-31,0.00205968,0.0022400000000000002,0.00202,0.00213286,2778382.7614553,5860.15999272,0.00210919,1.2081169230823898
2016-09-01,0.00253383,0.00260997,0.00203206,0.00205968,5621265.8592475,13299.15857826,0.00236586,1.35146683378829
2016-09-02,0.00242133,0.00258846,0.00234943,0.00252894,2873956.1160333,7135.46934393,0.0024828,1.4214488667065701
2016-09-03,0.0022400000000000002,0.00244017,0.00223,0.00241865,1962591.3971294,4583.29812983,0.00233532,1.3616083118625566
2016-09-04,0.0024000000000000002,0.0024037,0.00220503,0.00224196,1380287.3665968,3176.80270761,0.00230155,1.390380882143088
2016-09-05,0.0023982,0.002545,0.00235115,0.00240002,1674023.2425948,4098.52195599,0.0024483,1.4802640499557291
2016-09-06,0.00239555,0.00249,0.002356,0.00239819,1052807.8279846,2552.85904638,0.00242481,1.4752741752563465
2016-09-07,0.00240208,0.00242491,0.00235006,0.00239894,820636.2186422,1961.74121069,0.00239051,1.4645457923577734
2016-09-08,0.00228896,0.00243123,0.00228343,0.00240209,935912.17371957,2212.10809593,0.00236358,1.473616288373847
2016-09-09,0.00223831,0.0022987100000000002,0.0022,0.00228346,839326.34690106,1891.83507567,0.00225399,1.4027093646146818
2016-09-10,0.00227755,0.00232925,0.00222037,0.00223531,548378.91874903,1248.19383322,0.0022761500000000002,1.4184501857463099
2016-09-11,0.00219,0.00229495,0.00215,0.00227029,1337327.7327155,2939.06084942,0.00219771,1.3436605276091573
2016-09-12,0.00217421,0.00222336,0.00215,0.00219,611258.00597647,1328.88173096,0.00217401,1.3196401088337786
2016-09-13,0.00211029,0.00218897,0.0021000000000000003,0.00217421,572680.31496559,1223.05914532,0.00213567,1.2992473870560541
2016-09-14,0.0021100999999999997,0.0021459400000000003,0.00205,0.00211029,577180.57052255,1207.06940921,0.0020913200000000002,1.2754719407266255
2016-09-15,0.00210201,0.00215,0.00208886,0.0021100999999999997,515055.91696154,1089.29224984,0.0021149,1.2868945736486022
2016-09-16,0.00217722,0.00221001,0.00208499,0.0021068,781949.29269916,1678.52925599,0.00214659,1.3045874635672494
2016-09-17,0.00218401,0.00219453,0.002137,0.00217721,416105.98195522,898.34737979,0.00215893,1.3087306504355556
2016-09-18,0.00216098,0.00222299,0.00215221,0.00218407,592191.75209968,1294.54949547,0.00218603,1.330431656464009
2016-09-19,0.00209314,0.0021742,0.00208987,0.00216098,479534.73108762,1020.41499177,0.00212792,1.2952586621834357
2016-09-20,0.00205931,0.0021031,0.0020384,0.00209089,793964.42008041,1641.05336945,0.00206691,1.2565757106081854
2016-09-21,0.00205009,0.0021246,0.00204192,0.0020593,819448.74482475,1702.21847499,0.00207727,1.23894507190006
2016-09-22,0.0021036600000000003,0.00226966,0.0018851,0.00205009,3198113.6932263,6589.58977534,0.00206046,1.2288758981147259
2016-09-23,0.0020597,0.00217066,0.00202387,0.00210002,736989.83716678,1541.88771281,0.00209214,1.253675672348017
2016-09-24,0.00207269,0.0020900000000000003,0.0020277900000000002,0.00205859,337663.53215276,693.85130502,0.00205486,1.2387260098548158
2016-09-25,0.00201902,0.00208185,0.00199718,0.00207928,455854.67955798,926.25115368,0.0020319,1.220020298001028
2016-09-26,0.00197001,0.0020345,0.00196301,0.0020169999999999997,548699.98336464,1094.25584032,0.00199426,1.2056257102358028
2016-09-27,0.00198103,0.002,0.0018939999999999999,0.0019700300000000002,1039383.3987127,2018.30326048,0.0019418200000000001,1.1748338244302847
2016-09-28,0.00206001,0.00211159,0.00196515,0.0019821,725481.17829608,1493.34154866,0.00205841,1.2442012645093423
2016-09-29,0.00209456,0.00212933,0.0020225300000000002,0.00206001,439757.17769771,910.07536707,0.0020694900000000002,1.2528431462491834
2016-09-30,0.002054,0.00212548,0.00204076,0.00209456,290807.60157845,601.60296556,0.00206873,1.2541973471917094
2016-10-01,0.00194402,0.0020700000000000002,0.00188998,0.00205401,1333139.9193282,2610.79330049,0.00195837,1.2008407454092775
2016-10-02,0.0019509999999999998,0.002,0.00193,0.00194403,419521.43420271,824.46616704,0.00196525,1.199883208512891
2016-10-03,0.0019510600000000001,0.00200629,0.001895,0.0019505,806358.02736703,1558.17477161,0.00193236,1.1824091645148316
2016-10-04,0.00190121,0.00196421,0.0018900000000000002,0.00195101,481574.95489987,923.48022558,0.00191762,1.1690912885525628
2016-10-05,0.00194,0.00201,0.0018909999999999999,0.0019011999999999998,1039238.9967304,2016.82222753,0.00194067,1.18692812480476
2016-10-06,0.00191799,0.0019479999999999999,0.0018900000000000002,0.00194,487540.87567709,933.27713479,0.00191425,1.1714723467998687
2016-10-07,0.00189473,0.001934,0.001865,0.00191307,431490.12308423,815.02171044,0.00188885,1.1613145095588082
2016-10-08,0.00191001,0.0019479999999999999,0.00187123,0.001895,373580.60472359,711.57118888,0.00190473,1.1768700989532703
2016-10-09,0.00189365,0.0019286400000000001,0.00189361,0.00191001,161102.46715665,306.73749061,0.00190399,1.1739754747805986
2016-10-10,0.00186,0.00189895,0.00185,0.00189365,464142.67342775,869.76750398,0.00187392,1.1553974284711988
2016-10-11,0.001709,0.0018724999999999998,0.00169699,0.00186,956508.54160231,1697.4316024,0.00177461,1.1211535382461726
2016-10-12,0.00162637,0.00172689,0.00157977,0.0017100000000000001,1156950.0912781,1873.28653461,0.00161915,1.0325432370708323
2016-10-13,0.001584,0.00164559,0.0015500000000000002,0.00162356,595817.32446797,943.33370971,0.00158325,1.0062193014648972
2016-10-14,0.0015457,0.00159082,0.0015357300000000001,0.00158485,417057.08065542,646.86038977,0.00155101,0.9879047838498107
2016-10-15,0.0015589500000000001,0.00156171,0.0015400000000000001,0.00154569,206804.13931752,320.28506023,0.0015487300000000001,0.9917164714137425
2016-10-16,0.0018757,0.00192883,0.00154551,0.0015589500000000001,1653188.0506505,2872.14061946,0.00173733,1.1134801513764194
2016-10-17,0.00167282,0.00188629,0.00166201,0.00187805,1620666.5456956,2815.3141499,0.0017371300000000001,1.1090709315232081
2016-10-18,0.00165598,0.0016859800000000001,0.0015949900000000001,0.00167676,775071.71119551,1263.07341153,0.00162962,1.0372776888859154
2016-10-19,0.001671,0.0016997,0.0016200000000000001,0.00165219,436349.01928941,726.56029484,0.00166508,1.0523104461266541
2016-10-20,0.0016539999999999999,0.00168498,0.00163001,0.001671,345259.8543943,572.58772528,0.00165842,1.0432132739578701
2016-10-21,0.00163197,0.00168961,0.0016201100000000001,0.0016539999999999999,340249.29697136,557.87893912,0.0016396100000000001,1.0346438620131222
2016-10-22,0.0015919200000000001,0.00163686,0.00158,0.0016261,435195.54223026,699.63032281,0.00160762,1.0372697782635443
2016-10-23,0.00159003,0.00160999,0.00155111,0.00159193,275786.80193302,436.05022683,0.00158111,1.0322722983582313
2016-10-24,0.001575,0.0016214600000000001,0.0015700000000000002,0.00159,192983.68586706,306.47437753,0.00158808,1.031182188721307
2016-10-25,0.00155016,0.00159016,0.0015249999999999999,0.00158037,620599.56577512,959.98776342,0.00154687,1.012918771339466
2016-10-26,0.0015207600000000001,0.00155505,0.00151527,0.00155016,261635.5820069,400.83606069,0.00153203,1.021141294147248
2016-10-27,0.00144699,0.00152674,0.00141991,0.0015226999999999999,1129330.4357633,1670.9566068,0.00147959,1.0086324090787813
2016-10-28,0.00136146,0.0014638,0.00136146,0.00144304,632935.21396739,884.69512446,0.00139776,0.9597460917037594
2016-10-29,0.00124108,0.0014,0.00120689,0.00136099,1182095.6438982,1540.76094772,0.00130341,0.9216565356540806
2016-10-30,0.0013241,0.00135,0.00124002,0.00124191,575190.23772576,748.84964859,0.00130191,0.9144190004321747
2016-10-31,0.00128477,0.00133508,0.00125,0.00132201,397082.08842651,513.34593539,0.00129279,0.9029504832624474
2016-11-01,0.0012131,0.00129195,0.00118074,0.00128333,627858.88668197,767.97234508,0.00122316,0.8848481888822188
2016-11-02,0.00119669,0.00125295,0.00119648,0.00121301,382596.6433393,466.53860901,0.0012194,0.8877149164136845
2016-11-03,0.00129742,0.001331,0.00118012,0.00119683,837202.69792485,1055.99825312,0.0012613400000000001,0.8957036271573705
2016-11-04,0.001377,0.00144189,0.00126,0.00129742,1256346.5657731,1698.02393914,0.00135155,0.9449222436783213
2016-11-05,0.00147798,0.0015272200000000001,0.00136,0.0013796400000000001,1090467.2915647,1584.63809784,0.00145317,1.0231474101725253
2016-11-06,0.0013815,0.00147933,0.0013517800000000001,0.00147933,586718.78700316,824.91547602,0.00140598,0.9995433382803555
2016-11-07,0.00131703,0.00143271,0.0013100000000000002,0.00138303,631485.46584787,868.50344914,0.0013753300000000001,0.970916924314627
2016-11-08,0.00132997,0.00135079,0.0013000000000000002,0.0013233,339885.64977236,448.46743164,0.00131946,0.935333047844282
2016-11-09,0.00126257,0.00133489,0.0012300000000000002,0.0013246900000000001,556580.38171585,708.40824871,0.00127278,0.9278464494243922
2016-11-10,0.00128855,0.00134143,0.0012450200000000001,0.0012625,404066.3674833,524.01625915,0.00129685,0.9265252128087823
2016-11-11,0.00128011,0.00132036,0.00125,0.00128855,346336.00364553,441.17805119,0.00127384,0.9115893385463605
2016-11-12,0.0012931800000000001,0.00135,0.0012754700000000001,0.00128137,396911.88039976,519.59898465,0.0013090999999999999,0.9268075559152874
2016-11-13,0.00128725,0.00133967,0.00128023,0.0012931800000000001,255329.46148734,333.34964829,0.00130556,0.907809239514419
2016-11-14,0.00126401,0.0012959999999999998,0.00125,0.00128492,149289.31022323,190.62597351,0.00127688,0.8972339952906793
2016-11-15,0.0013015400000000001,0.0013200000000000002,0.00124801,0.00126401,370507.72218428,475.49049786,0.00128334,0.9122067959261898
2016-11-16,0.00122101,0.00131999,0.0012200000000000002,0.00130147,644245.68942827,812.64292916,0.00126138,0.9217896224895811
2016-11-17,0.0012052,0.00123077,0.00119259,0.00122101,231208.05589692,279.23885157,0.00120773,0.8994819472887908
2016-11-18,0.00115409,0.00122202,0.00115408,0.0012052,327209.27876814,387.21069215,0.00118337,0.8817775554827506
2016-11-19,0.00114302,0.00116,0.00113803,0.00115409,227120.22171377,260.85536387,0.00114853,0.8596629084790933
2016-11-20,0.00116991,0.001207,0.0011388400000000001,0.0011450100000000001,182978.1913702,214.64211378,0.00117304,0.8602964794232086
2016-11-21,0.00114609,0.0011779,0.00114065,0.00116991,150306.62731609,174.05212044,0.00115798,0.8516864580471417
2016-11-22,0.0011102500000000001,0.00117306,0.00111,0.00114621,229580.23983958,261.93205817,0.00114091,0.8471087043134389
2016-11-23,0.0010949,0.00114818,0.00108248,0.001111,329987.10906497,366.38169776,0.00111029,0.8226001053967975
2016-11-24,0.0010400000000000001,0.001099,0.00098917,0.00109496,609946.4181385,631.65789484,0.00103559,0.7623234392025834
2016-11-25,0.00112757,0.00117498,0.0010329999999999998,0.0010400000000000001,644811.25915662,715.43212474,0.0011095200000000001,0.8158909880130074
2016-11-26,0.00106576,0.00114118,0.0010600000000000002,0.00113838,253800.13739993,279.25358584,0.00110028,0.805810285032589
2016-11-27,0.00106487,0.00109599,0.00104536,0.00106002,129273.34411901,138.54693153,0.0010717300000000001,0.7841622867390193
2016-11-28,0.001031,0.00107074,0.00102757,0.00106172,143704.99902779,150.23957236,0.00104547,0.7651002762645099
2016-11-29,0.0010171800000000001,0.00107,0.000979,0.001031,379739.68012459,384.20154605,0.0010117400000000001,0.7406365303633343
2016-11-30,0.0010003,0.00105003,0.00099581,0.0010171800000000001,259738.59398003,261.78189036,0.00100786,0.744942293740339
2016-12-01,0.00101131,0.00105199,0.001,0.00100056,239637.90824988,244.74195469,0.00102129,0.7655239608501996
2016-12-02,0.00103243,0.0010509200000000001,0.0009500000000000001,0.0010114,719361.99613357,712.60314076,0.0009906,0.7598570093391712
2016-12-03,0.0010019999999999999,0.001047,0.00100001,0.0010374100000000001,239572.99233733,242.96393129,0.0010141500000000001,0.7761091623008547
2016-12-04,0.00099137,0.00103013,0.0009729999999999999,0.00100201,296400.22848857,296.77587773,0.0010012600000000001,0.7651281404609129
2016-12-05,0.00110497,0.00113415,0.00099088,0.00099088,711377.75875769,748.38362994,0.00105202,0.7922278551304779
2016-12-06,0.00103105,0.001119,0.00097,0.00110414,960896.48670434,992.03361902,0.0010324,0.7807720396117467
2016-12-07,0.0010740300000000001,0.00109,0.00101024,0.00102496,232528.97863013,244.44656878,0.00105125,0.8018531100257213
2016-12-08,0.00106217,0.0010891100000000001,0.00103504,0.00107427,199956.0482982,212.51466835,0.0010628,0.817557000732471
2016-12-09,0.00104226,0.00109103,0.0010249999999999999,0.00106229,355847.53950932,376.28303163,0.00105742,0.8150032611485203
2016-12-10,0.00110601,0.0011279999999999999,0.00103297,0.00104355,252032.58298553,275.78795434,0.00109425,0.8463304401966382
2016-12-11,0.00120801,0.00125863,0.001107,0.0011094,915464.07827557,1098.57963013,0.00120002,0.9206603848144123
2016-12-12,0.00116999,0.00124091,0.00115001,0.00120801,523182.05330436,625.61070179,0.00119578,0.9276744519471761
2016-12-13,0.00125403,0.00128721,0.00116026,0.00116669,600504.17947935,739.34954009,0.00123121,0.9588752061077894
2016-12-14,0.00127001,0.00128256,0.00122649,0.00125403,500319.39239031,631.00268594,0.00126119,0.9803820002518692
2016-12-15,0.00138769,0.00142143,0.00125483,0.00127001,1417027.5101906,1943.86809221,0.0013717900000000001,1.066317638988753
2016-12-16,0.00136151,0.00139299,0.0013000000000000002,0.0013878200000000001,715331.47897473,969.44254826,0.00135523,1.0564840249845104
2016-12-17,0.00127146,0.00136135,0.001251,0.00136135,558118.65701626,722.99114276,0.0012954,1.0210727763556462
2016-12-18,0.00133594,0.00135,0.00126888,0.00127151,302932.48794098,397.79052508,0.00131313,1.0350538320146279
2016-12-19,0.00150352,0.0015221,0.00133101,0.0013358999999999999,1179043.8510313,1707.37285715,0.00144809,1.1452474239559618
2016-12-20,0.001424,0.00153156,0.00139447,0.00150402,900756.2516844,1326.79322113,0.00147297,1.1684112749093525
2016-12-21,0.00136488,0.00145246,0.00135,0.0014223600000000001,960672.18114353,1338.62656452,0.00139342,1.1386514712513907
2016-12-22,0.0012702,0.00138495,0.00122245,0.0013629900000000001,1030578.9451424,1326.09301228,0.00128674,1.102197139387891
2016-12-23,0.0011335,0.0012768999999999999,0.00112345,0.0012702,1991158.0962818,2356.40343777,0.00118343,1.0628872842042905
2016-12-24,0.00124,0.00126826,0.00112689,0.0011335,724612.17634571,876.05386454,0.00120899,1.0905630785973488
2016-12-25,0.0011921,0.00129225,0.0011849999999999999,0.00124025,458994.70725065,568.54395233,0.00123867,1.0841735593401431
2016-12-26,0.0011497999999999999,0.00119851,0.001135,0.00119213,280628.61940587,325.67071839,0.0011604999999999999,1.0464225627476242
2016-12-27,0.00112903,0.00116428,0.0011149999999999999,0.00115064,374317.72379168,423.88756812,0.00113242,1.0420384446798008
2016-12-28,0.0011367999999999999,0.0011618,0.00108201,0.00112903,655376.3550515,728.52502415,0.00111161,1.0651428956733975
2016-12-29,0.00145215,0.0015259,0.001135,0.0011367999999999999,2825186.6218837,3819.12912729,0.00135181,1.311240507973954
2016-12-30,0.0016125,0.00175,0.00145214,0.00145215,3352922.9583717,5345.2563813,0.0015941999999999998,1.51640974020632
2016-12-31,0.00145737,0.0016500000000000002,0.00137575,0.0016125,1394248.557001,2077.04096325,0.00148972,1.4259521721541237
2017-01-01,0.00139449,0.00157822,0.00134622,0.00145958,1271722.3721397,1836.87041989,0.00144439,1.427814971000309
2017-01-02,0.00140522,0.00144709,0.00133842,0.00139449,1173085.6239704,1627.99842023,0.00138779,1.4085610040566623
2017-01-03,0.00141072,0.00154799,0.00136004,0.0014007,1839742.1744537,2689.57717002,0.00146193,1.4943506050751343
2017-01-04,0.00150903,0.0016,0.001402,0.0014107,1963795.085,2921.6698803,0.00148776,1.6257662966908955
2017-01-05,0.00159199,0.00167197,0.0014931999999999999,0.00151044,2019232.2901494,3181.56227972,0.00157562,1.5829675191056969
2017-01-06,0.001655,0.00169,0.0015500000000000002,0.00158635,1224182.8584163,1995.25533324,0.0016298600000000001,1.5231686211876432
2017-01-07,0.00158111,0.0016723200000000001,0.00151569,0.001658,1202342.4476708,1918.24240011,0.00159542,1.3795839490348343
2017-01-08,0.00159067,0.00160315,0.0015360200000000001,0.0015804999999999999,315912.58278762,497.95588996,0.00157624,1.4439855630812377
2017-01-09,0.0015542800000000001,0.0016400000000000002,0.00149999,0.00158723,658186.36491996,1044.66582228,0.00158718,1.4182853227450463
2017-01-10,0.00157917,0.00161407,0.0015520999999999998,0.0015520999999999998,565630.18279589,895.47593441,0.00158314,1.4347830303376048
2017-01-11,0.0015191,0.00157838,0.0014666500000000001,0.00157753,990489.82957617,1505.49663811,0.00151995,1.254200836809903
2017-01-12,0.001511,0.0015400000000000001,0.0014712500000000001,0.0015191,595019.03458513,896.91091506,0.0015073600000000001,1.188553595650111
2017-01-13,0.001465,0.00152115,0.0014579999999999999,0.00150829,691646.32405059,1033.37508237,0.00149408,1.2036110627860437
2017-01-14,0.00146909,0.00149452,0.00143,0.001465,209451.83953414,305.99805236,0.00146094,1.2111525350653345
2017-01-15,0.00144503,0.0014697999999999998,0.00142105,0.00146816,292370.67054465,422.44873772,0.0014448999999999998,1.1836064375083395
2017-01-16,0.00141595,0.00144679,0.00140901,0.00144588,170043.93464618,242.49797439,0.00142609,1.1847073570925832
2017-01-17,0.0013355700000000001,0.00144399,0.001323,0.00141748,555314.09511738,765.0144283,0.00137762,1.2162807246705676
2017-01-18,0.00135109,0.0013892400000000001,0.0013100000000000002,0.00132853,323145.09095762,436.82732537,0.00135179,1.1929336604930667
2017-01-19,0.00130449,0.0013511999999999999,0.00128,0.00135109,246004.42356576,321.73086313,0.0013078200000000001,1.1720331493904155
2017-01-20,0.00149158,0.0015669100000000001,0.00129439,0.00129842,1916134.1541658,2785.50105085,0.0014536999999999998,1.3029467659397407
2017-01-21,0.00152891,0.0016079999999999998,0.00145111,0.00149291,1001172.3760566,1527.73793086,0.00152594,1.395052191865916
2017-01-22,0.00150029,0.0015781999999999999,0.00148183,0.00152855,500129.19199989,763.14673382,0.00152589,1.4031695360373773
2017-01-23,0.00152814,0.0015281700000000001,0.00148177,0.00149994,232788.43129867,348.62929383,0.00149762,1.380041427477507
2017-01-24,0.00152776,0.0015512,0.0015,0.00152814,245153.96664789,372.86404976,0.00152093,1.3751263848410922
2017-01-25,0.00142552,0.0015400000000000001,0.00142,0.00152425,394194.1553628,577.41347306,0.00146479,1.3092063601416488
2017-01-26,0.00145274,0.00148201,0.0014,0.00142551,361402.6618116,519.99837795,0.00143883,1.306749424679528
2017-01-27,0.0013947900000000001,0.00147385,0.00136993,0.00145286,606687.23686583,855.66700872,0.00141039,1.2942584366988301
2017-01-28,0.0014142,0.00142762,0.00139003,0.00139003,204834.84723792,288.54847646,0.00140868,1.2950545375796356
2017-01-29,0.00141147,0.00142231,0.00140001,0.0014142,132628.89215018,186.86177154,0.0014089,1.2920853224420916
2017-01-30,0.00146458,0.00146473,0.0014022400000000001,0.00141157,178775.97221754,254.73873921,0.0014249,1.310079782416911
2017-01-31,0.0013950100000000001,0.00146499,0.00138544,0.00146459,347775.59174971,498.63438232,0.00143378,1.3644820207678285
2017-02-01,0.00136918,0.0014099800000000001,0.00135,0.0013950100000000001,246660.23706804,340.60062047,0.00138084,1.3441552555621703
2017-02-02,0.00134571,0.001375,0.0013310800000000001,0.00136542,160930.98115988,218.38777484,0.00135702,1.3526264311447291
2017-02-03,0.00131671,0.00135717,0.00131201,0.00134878,237638.9882183,315.485878,0.00132758,1.3430136922492095
2017-02-04,0.0013271,0.00135618,0.00131668,0.00131671,193916.33968401,259.50090172,0.00133821,1.37022703314454
2017-02-05,0.00134638,0.0013563,0.00132002,0.0013271,182277.25644254,243.42901744,0.00133548,1.359103882914456
2017-02-06,0.0014150200000000001,0.0014541600000000001,0.00133783,0.00134683,595455.119238,839.94949496,0.0014106,1.445534953717712
2017-02-07,0.00138725,0.0014494999999999998,0.00138106,0.00142509,376992.03761186,534.3396339,0.00141737,1.4783652769622473
2017-02-08,0.00136313,0.00139909,0.00134568,0.00138726,274810.65499147,376.60432498,0.00137041,1.4378473807241934
2017-02-09,0.00127501,0.00137342,0.0012502,0.00136301,1204631.5612355,1571.41298735,0.00130447,1.298843285513336
2017-02-10,0.0012688,0.00129054,0.00125775,0.00127819,474260.804112,603.43606792,0.00127237,1.246308930273806
2017-02-11,0.00121989,0.00128598,0.00121507,0.0012634,471292.14410596,585.92699424,0.0012432300000000001,1.252983293502232
2017-02-12,0.00122299,0.00123009,0.00119341,0.00121989,493095.5466366,597.60876084,0.00121195,1.2170975861704336
2017-02-13,0.00119875,0.00122637,0.001188,0.00122299,427573.43268564,514.97300287,0.0012044,1.1994007720506181
2017-02-14,0.00123387,0.00125003,0.00119013,0.00119875,351046.05468882,429.5928199,0.00122375,1.2344301692275668
2017-02-15,0.00124412,0.0012679,0.00122449,0.00123389,324118.54646811,402.98534545,0.00124332,1.2572339176475311
2017-02-16,0.00119311,0.00124988,0.00118767,0.00124412,256803.83045122,313.07286188,0.00121911,1.2569733934965537
2017-02-17,0.0011660800000000001,0.001215,0.00116,0.00119311,257375.28156887,304.58770138,0.00118343,1.2408439000479738
2017-02-18,0.00115131,0.0011787,0.0011,0.00116607,331235.58342764,378.84043497,0.00114371,1.2174784756690302
2017-02-19,0.00115495,0.00117447,0.00114201,0.00115152,184708.92438519,213.83393081,0.0011576800000000001,1.2194751308091734
2017-02-20,0.00111145,0.00116855,0.00111145,0.00115495,149726.77878479,171.40282985,0.00114477,1.218951877755801
2017-02-21,0.0011064900000000001,0.00113255,0.00110428,0.00112587,327976.39202326,366.90284932,0.00111868,1.2368343388176586
2017-02-22,0.0010799,0.0011210999999999999,0.001075,0.00110919,383576.1677772,421.14054321,0.00109793,1.232637797184383
2017-02-23,0.00104205,0.0010852,0.00103587,0.00108039,484616.42645912,512.43067638,0.00105739,1.2228343163170998
2017-02-24,0.00101798,0.00108051,0.001015,0.00104206,482118.7749012,499.23257671,0.00103549,1.2156426333837511
2017-02-25,0.0010513,0.00107277,0.0009954200000000001,0.00101798,370700.259854,380.58271749,0.00102665,1.1888638539954202
2017-02-26,0.00106011,0.00108601,0.00103952,0.00105116,379282.84682492,401.6749817,0.00105903,1.2346317138253016
2017-02-27,0.00103272,0.001068,0.00103,0.00106011,273293.63826296,286.24954517,0.0010474,1.2431408226851652
2017-02-28,0.00103651,0.00105001,0.00102012,0.00103505,308560.08339854,320.7942981,0.00103964,1.2390282389973928
2017-03-01,0.00113637,0.001174,0.00102,0.00103899,1105997.3605717,1225.46318337,0.00110801,1.3430281585421573
2017-03-02,0.0010796999999999998,0.0011389,0.00106737,0.00113637,853360.26751938,938.27389251,0.0010995,1.3711481329051152
2017-03-03,0.00111608,0.00112906,0.0010500000000000002,0.0010812999999999999,992407.08562667,1079.17186519,0.00108742,1.382499759497754
2017-03-04,0.0011254400000000001,0.001155,0.0011049999999999999,0.00111608,445765.85199408,502.46312377,0.00112719,1.424158995000253
2017-03-05,0.00109,0.0011297500000000001,0.00109,0.0011254400000000001,301436.42615226,334.54807016,0.00110984,1.4023656093404642
2017-03-06,0.0011194,0.00112538,0.00109,0.00109,191103.41089526,210.97847913,0.001104,1.4087293047582399
2017-03-07,0.00110856,0.00113408,0.0011,0.001122,477867.24929396,531.29084714,0.00111179,1.3783997636101335
2017-03-08,0.00111163,0.00111831,0.00109,0.00111073,406401.32353492,448.20276103,0.00110285,1.307231653358322
2017-03-09,0.00110697,0.00112623,0.0010927999999999999,0.0011118,312145.91277832,345.4535739,0.0011067,1.295472376045106
2017-03-10,0.00116202,0.00119893,0.00104646,0.00110801,1102878.4239938,1234.88902235,0.00111969,1.3108236239423752
2017-03-11,0.00117416,0.00118233,0.00111,0.00116646,527511.57876109,602.64033708,0.0011424200000000001,1.328050470143499
2017-03-12,0.00115724,0.00121129,0.0011401,0.0011726,848866.52669401,995.65098874,0.00117291,1.4094194271139795
2017-03-13,0.0013277,0.001392,0.0011500000000000002,0.00115725,2177981.1439684,2708.59776471,0.00124362,1.5306778924315325
2017-03-14,0.00132628,0.0014500000000000001,0.00128998,0.00132889,2415344.7781136,3315.79166165,0.0013728,1.7063142558679358
2017-03-15,0.00142617,0.00143613,0.00129904,0.001325,1107032.3094943,1511.01411383,0.00136492,1.7072947380757917
2017-03-16,0.00178074,0.00181201,0.00142004,0.00142675,3236599.7878144,5130.95830558,0.00158529,1.8925968197377383
2017-03-17,0.0016879999999999998,0.00195618,0.00155001,0.0017807300000000001,3774450.8857991,6583.66828627,0.00174427,1.9402729895033795
2017-03-18,0.00172521,0.0018476999999999999,0.0015500000000000002,0.00168959,2104654.1747312,3519.68280919,0.00167233,1.6890734530141462
2017-03-19,0.0018369999999999999,0.00188265,0.00168,0.00173362,1479493.7883392,2621.02119761,0.00177156,1.7882877423378196
2017-03-20,0.00183434,0.00193099,0.0017943999999999998,0.00184699,1164992.8286036,2170.17086878,0.0018628100000000001,1.9178344973182184
2017-03-21,0.00214001,0.002177,0.00175,0.0018349999999999998,3354493.5368445,6620.50564484,0.00197362,2.1396564334806225
2017-03-22,0.00224629,0.00237498,0.0020315,0.00214001,2946700.2675572,6473.93464701,0.00219701,2.2857407454703673
2017-03-23,0.0021753700000000003,0.00225122,0.00212568,0.00224629,1119700.2010534,2444.13903469,0.00218285,2.2626469494328068
2017-03-24,0.00255,0.0026219999999999998,0.00216257,0.0021822,1932993.6163873,4638.8051234,0.0023997999999999997,2.346523052597226
2017-03-25,0.002337,0.00265,0.00231401,0.00255156,1273217.3399961,3197.29733,0.00251119,2.3205909774147524
2017-03-26,0.00239886,0.002492,0.0022700100000000003,0.0023423999999999997,946400.4074076,2238.76736935,0.00236556,2.286894492563986
2017-03-27,0.0020306400000000002,0.00242929,0.0019918600000000002,0.00239342,1315504.767097,2870.8304447,0.0021823,2.1878916089817495
2017-03-28,0.00215732,0.002267,0.00199172,0.00202891,1146909.758723,2440.17600295,0.0021276,2.2211259305977795
2017-03-29,0.0022258300000000003,0.00229997,0.00214034,0.00215733,751889.7108825,1673.432945,0.00222563,2.300709632809799
2017-03-30,0.00270025,0.00313618,0.00214001,0.0022258300000000003,2192212.0520224,5540.68463464,0.00252744,2.6105331117180466
2017-03-31,0.00260007,0.00285648,0.00230885,0.00270025,3054101.6418822,7964.32585041,0.00260774,2.76568032413904
2017-04-01,0.00250066,0.00262488,0.00249372,0.00260011,767804.03403668,1963.84889249,0.00255774,2.7710051499643873
2017-04-02,0.00237993,0.00258984,0.00219328,0.00250066,1477494.8610955,3587.1994199,0.0024278900000000003,2.6544000332237974
2017-04-03,0.00224151,0.0025729999999999998,0.00215054,0.0023815200000000003,1379337.5571273,3170.78202533,0.00229877,2.6070631817153433
2017-04-04,0.00233695,0.00240819,0.0022187500000000002,0.00224076,895444.00921538,2060.49104163,0.00230108,2.631572071975801
2017-04-05,0.00242079,0.00247999,0.00229998,0.00233695,771062.801274,1841.94533404,0.00238883,2.6981545810806815
2017-04-06,0.002253,0.002456,0.00202503,0.00242319,1346276.6838975,3072.01848515,0.00228186,2.663812090211169
2017-04-07,0.00228713,0.00232278,0.00213196,0.00225624,706331.33400617,1565.67863916,0.0022166300000000002,2.6408164382564356
2017-04-08,0.0023,0.00239,0.0020900000000000003,0.00228713,1003938.8761542,2295.95157489,0.00228694,2.7145975217206195
2017-04-09,0.00219016,0.0023117800000000003,0.00209384,0.0023005,776528.11465242,1715.11854353,0.0022087,2.648784530211947
2017-04-10,0.0021698999999999998,0.00220375,0.00208198,0.00219016,857035.21845083,1832.19023016,0.00213782,2.5858083190180152
2017-04-11,0.00209021,0.00217732,0.0020800000000000003,0.00216151,513729.22959133,1093.34864222,0.00212825,2.5885831234498724
2017-04-12,0.00215629,0.0022057500000000002,0.0020732100000000002,0.00208258,624703.97683855,1334.59381212,0.00213636,2.6027532882192097
2017-04-13,0.00223356,0.00227894,0.0021478,0.00215356,781212.17851379,1730.74553274,0.0022154600000000003,2.6204003381306715
2017-04-14,0.0022261,0.0022900000000000004,0.00213106,0.0022244,839843.85032145,1850.87871799,0.00220383,2.5996537870629783
2017-04-15,0.00227387,0.0022800000000000003,0.0021755999999999998,0.00222612,567840.39709682,1262.58236747,0.00222348,2.6236040236488742
2017-04-16,0.00219544,0.00227821,0.00217856,0.00227058,588791.75907173,1301.85603175,0.00221106,2.6038497612163516
2017-04-17,0.00216736,0.00224252,0.00214,0.00219545,622091.31054282,1359.04771007,0.00218464,2.5895044358547823
2017-04-18,0.00235182,0.00244497,0.00213657,0.00216736,1467325.9170401,3354.70545467,0.00228627,2.7495074698803763
2017-04-19,0.0025787600000000003,0.00269996,0.0022700000000000003,0.00235971,1831307.2160607,4542.45131151,0.00248044,2.981167062331845
2017-04-20,0.00260947,0.0028,0.00248,0.00258283,2538830.9315427,6691.29173253,0.00263557,3.227558381154333
2017-04-21,0.0025199800000000002,0.0026898,0.00247286,0.00260927,1271058.2109239,3250.44712631,0.00255727,3.182116600325653
2017-04-22,0.00257405,0.00262644,0.0025017,0.0025199800000000002,676361.81432329,1736.11053689,0.00256683,3.1733320367398963
2017-04-23,0.00282131,0.00282131,0.00252192,0.00257404,1455221.3779531,3904.32111451,0.0026829700000000002,3.3296021403547353
2017-04-24,0.00319478,0.00327837,0.0028208,0.0028212999999999997,3607859.232282,11133.24462518,0.00308583,3.8490053431733364
2017-04-25,0.00310123,0.00328299,0.0029627,0.0032,2241357.3621002,6990.56445185,0.00311889,3.9593496059194107
2017-04-26,0.00355,0.0036999900000000002,0.00303669,0.00309652,3375264.7296304,11310.74196315,0.00335106,4.342971059841516
2017-04-27,0.00375302,0.0039574400000000004,0.0035371,0.00355,3134524.8996909,11777.7636512,0.00375743,4.97235091970686
2017-04-28,0.00369449,0.0038899900000000003,0.00354,0.00375301,1885302.9902146,6963.70337309,0.00369367,4.901486117363504
2017-04-29,0.00411774,0.004142,0.0036000000000000003,0.00370149,2048624.7538154,7958.77172096,0.00388493,5.201310598028122
2017-04-30,0.00472996,0.00493531,0.00400313,0.00411774,3421951.5127735,15650.94108008,0.00457368,6.130899557847693
2017-05-01,0.00475853,0.005488,0.0041110999999999995,0.00472996,5434155.7103053,26241.62147625,0.00482901,6.779491455585339
2017-05-02,0.00444212,0.00491999,0.00415035,0.00475848,2522870.4691096,11410.69334537,0.0045229,6.542135449352522
2017-05-03,0.00445258,0.004647,0.0043,0.004445,1930417.3603891,8602.71724013,0.0044564,6.600208809812098
2017-05-04,0.004802,0.0048021999999999995,0.00440141,0.00445265,2321090.7400795,10700.28388683,0.00461002,7.162293998208014
2017-05-05,0.00462655,0.00486505,0.00441001,0.00480212,2311810.4723719,10829.81490114,0.00468456,7.314371513855202
2017-05-06,0.00445949,0.00465473,0.00428022,0.00462655,1481274.3056135,6606.77966617,0.0044602,6.958725579384096
2017-05-07,0.004391,0.00478,0.00411601,0.00445948,2140889.6643826,9666.20284395,0.00451504,7.033379440349194
2017-05-08,0.00376999,0.00439657,0.0037,0.004391,2191968.1462481,8842.41161908,0.004033999999999999,6.490266133598075
2017-05-09,0.00348601,0.0038100000000000005,0.0029000000000000002,0.00376999,2664226.440507,8990.98297094,0.0033747,5.7912957578811515
2017-05-10,0.0036025,0.00391491,0.0034134300000000003,0.00348601,1858278.0629438,6820.48928653,0.00367032,6.436149439313203
2017-05-11,0.0034082500000000003,0.0038,0.0032,0.00360263,1192624.557504,4124.39134555,0.00345824,6.349592217542639
2017-05-12,0.0035164999999999997,0.00366674,0.00338209,0.0034082500000000003,1055331.6142752,3726.70445293,0.00353131,6.167623998298076
2017-05-13,0.00332788,0.00355442,0.0033,0.0035164999999999997,655742.8886564,2258.86174937,0.00344473,5.862849237710302
2017-05-14,0.0036932999999999996,0.00395,0.00331017,0.00332786,1688822.9229451,6196.27653089,0.00366899,6.567469910599725
2017-05-15,0.0035727800000000002,0.00382999,0.0035,0.003695,1230558.7854092,4496.03761116,0.00365365,6.351409581730838
2017-05-16,0.0034084999999999996,0.0037489999999999997,0.00330899,0.0035727800000000002,1220353.7633823,4261.20428024,0.00349177,6.046439348372498
2017-05-17,0.00314301,0.00349738,0.0030269,0.0034085400000000003,1522281.8353384,4846.91482817,0.00318397,5.752332984478169
2017-05-18,0.00345174,0.00355323,0.0031049999999999997,0.00314306,1680543.5450517,5694.95298702,0.0033887500000000003,6.260960339201291
2017-05-19,0.0038010500000000003,0.00395289,0.00332667,0.00345573,2254338.0609667,8303.72521341,0.00368344,7.113104850788727
2017-05-20,0.00339999,0.00394788,0.0033736400000000002,0.00379773,1129367.1992677,4128.48083861,0.00365556,7.280726689534914
2017-05-21,0.003980399999999999,0.003980399999999999,0.003385,0.00339999,1505683.2898503,5363.50344557,0.00356217,7.240739557976128
2017-05-22,0.00403328,0.004390000000000001,0.003567,0.003980399999999999,3345414.8751925,13565.69497904,0.00405501,8.625017037511356
2017-05-23,0.004768,0.00479224,0.00388945,0.00401301,2014925.8713068,8756.59926984,0.00434586,9.5528109674396
2017-05-24,0.0078099,0.0078099,0.00477032,0.00477683,7222637.3632172,44524.74220997,0.0061646,14.564698115044644
2017-05-25,0.00687029,0.00931529,0.00655058,0.0078000000000000005,5597932.8875606,42748.8812727,0.00763654,19.2741252223307
2017-05-26,0.0065119999999999996,0.00728455,0.006189,0.00690173,1986934.329532,13426.23006561,0.00675725,15.835100892867844
2017-05-27,0.00751597,0.00751597,0.0053022,0.00651201,2412269.0910745,15265.01682477,0.00632807,13.056269354862254
2017-05-28,0.00736161,0.007980000000000001,0.00654139,0.007515999999999999,1891270.3863589,13863.91380282,0.00733047,16.075816361876036
2017-05-29,0.0071641,0.00741373,0.00672481,0.00738459,962687.3605346,6833.77564654,0.00709864,15.955162010137862
2017-05-30,0.00813,0.00817699,0.0071,0.0071641,1582933.145215,11961.42496384,0.00755649,17.02893805910348
2017-05-31,0.00730311,0.008190000000000001,0.00710001,0.00816999,1201006.9707732,9003.20507531,0.00749638,16.86235875862757
2017-06-01,0.00675957,0.00732775,0.00662101,0.00730311,1074788.8264987,7521.56152138,0.00699817,16.748365269256755
2017-06-02,0.00671759,0.00706,0.00667503,0.00673635,671941.24387985,4616.07326519,0.00686975,16.663735559477278
2017-06-03,0.00622805,0.00683901,0.0061868800000000005,0.00669637,862584.75607229,5558.590783,0.0064440999999999995,16.263819350676474
2017-06-04,0.00683518,0.006900000000000001,0.00624002,0.00626081,843524.05733089,5638.80435121,0.00668481,16.836314847892382
2017-06-05,0.00633924,0.0068461,0.0063,0.00682019,724529.52532548,4735.22587407,0.00653558,17.03106827433312
2017-06-06,0.00600012,0.00634121,0.00583437,0.00633924,793638.12249004,4830.22677657,0.00608618,17.1399082356336
2017-06-07,0.00630202,0.0066228300000000006,0.00590254,0.00600011,1372219.9593509,8669.73076947,0.0063180300000000005,17.604785219723066
2017-06-08,0.006147199999999999,0.006391,0.00610629,0.00630268,524100.04884483,3270.64904466,0.0062404999999999995,17.13882390899593
2017-06-09,0.006110000000000001,0.006284,0.006,0.006149,545153.47055388,3335.21565826,0.00611793,17.289811839543535
2017-06-10,0.006840000000000001,0.00685,0.00587421,0.006121,1964178.4910715,12297.93121131,0.0062610999999999995,17.892577620568463
2017-06-11,0.0073,0.007770000000000001,0.006200000000000001,0.00685,3114524.2179855,21892.94954984,0.0070293,20.410226517445995
2017-06-12,0.00739999,0.0078653,0.00672,0.00730998,2121505.5736047,15479.21128708,0.00729633,20.30574551872869
2017-06-13,0.007475,0.0077,0.007090000000000001,0.00739999,1289290.2924354,9474.06278436,0.0073482700000000005,19.911765955079336
2017-06-14,0.0072169999999999995,0.0076253200000000005,0.007050000000000001,0.007475,1049446.8119363,7636.88115243,0.00727705,18.93889356636549
2017-06-15,0.0070201,0.00722249,0.00659749,0.007215999999999999,916006.53885796,6353.0531524,0.00693559,16.08941094336033
2017-06-16,0.00697495,0.0071230700000000004,0.00687207,0.007042,521033.15206619,3647.37579112,0.00700027,17.107794761082417
2017-06-17,0.00829843,0.00866599,0.00693,0.00695125,2125041.3647356,16401.13664126,0.00771803,19.776328095949847
2017-06-18,0.008020010000000001,0.00891529,0.00788591,0.00829843,2229347.4701211,18493.53275236,0.00829549,21.224659369473052
2017-06-19,0.0083,0.00871294,0.00800953,0.00802902,1159788.7988669,9705.13699638,0.00836802,21.375480115794673
2017-06-20,0.0076657800000000005,0.0083679,0.007084999999999999,0.00830495,1115349.1306609,8789.11623739,0.00788014,21.061562694318358
2017-06-21,0.00727143,0.00776727,0.00672,0.0076500000000000005,838146.70802136,6051.88350293,0.00722055,19.411173290624482
2017-06-22,0.00723166,0.00749849,0.00700051,0.0072710100000000005,445049.06572697,3203.64138032,0.0071984,19.250632367540288
2017-06-23,0.00734668,0.007490000000000001,0.007110000000000001,0.0072305500000000005,336835.73134729,2476.73991782,0.00735296,19.895071792552425
2017-06-24,0.00721234,0.00738796,0.00704775,0.0073869999999999995,226233.91484564,1625.11468433,0.00718333,18.7631396411644
2017-06-25,0.007449,0.008231,0.007,0.00720511,1562795.7712309,12101.78949828,0.00774367,19.585729827409892
2017-06-26,0.00731444,0.00783958,0.0066,0.007449,1032005.9807661,7416.91416453,0.0071868900000000005,17.423906725167235
2017-06-27,0.007180000000000001,0.0075236700000000005,0.0066250200000000006,0.0072986,966115.7949296,6830.27302107,0.00706982,16.905863575599113
2017-06-28,0.00730003,0.00742196,0.0069096999999999995,0.00717996,493729.99876127,3549.37140692,0.00718889,18.221335312950252
2017-06-29,0.00707985,0.00737604,0.00696729,0.00730003,326983.42037546,2342.13548289,0.00716285,18.29580897223641
2017-06-30,0.0071096300000000005,0.007350000000000001,0.007,0.0070798400000000004,396591.63894945,2848.9117133,0.00718348,18.018922417599974
2017-07-01,0.00689299,0.00714362,0.0066597800000000006,0.0071096300000000005,331413.98729888,2288.47778216,0.00690519,16.870659128885073
2017-07-02,0.006957,0.00704251,0.00678345,0.006893,318450.20478849,2201.18765065,0.00691218,16.943966981214373
2017-07-03,0.00677992,0.00697899,0.00661111,0.0069570100000000005,359247.96378421,2448.89319002,0.00681672,17.23796021934371
2017-07-04,0.0067449400000000005,0.0068200000000000005,0.00661051,0.00676998,76385.50548527,514.79822269,0.00673947,17.515908769385103
2017-07-05,0.00666083,0.00683035,0.00663606,0.0067265,218720.19361951,1468.74488991,0.00671517,17.302916939111565
2017-07-06,0.00671542,0.00690496,0.0063872700000000004,0.0066700100000000005,283031.46222496,1895.9397789,0.00669868,17.369556119983486
2017-07-07,0.00643314,0.0068198500000000006,0.00640842,0.00670951,278268.87626314,1844.55795904,0.0066286800000000005,16.810549989263166
2017-07-08,0.006390000000000001,0.00651059,0.00599752,0.0064342900000000005,476970.08530022,2980.36218486,0.00624853,15.70751355562023
2017-07-09,0.00629432,0.00660504,0.00620001,0.00640248,200357.82035449,1280.61815203,0.0063916500000000005,16.229458530519114
2017-07-10,0.0060798200000000005,0.00674307,0.005750000000000001,0.00627923,688636.02958096,4365.97061819,0.00634002,15.281219400376898
2017-07-11,0.00606003,0.00645155,0.0055176999999999995,0.0060798200000000005,801052.32071087,4764.59233498,0.00594791,13.911617276378585
2017-07-12,0.00791,0.00821706,0.00591806,0.00606558,2011247.746543,14881.92497163,0.00739934,17.38375567115153
2017-07-13,0.0075103999999999995,0.00814199,0.007065,0.00791,908076.10493525,6909.53898102,0.00760898,17.971443570530013
2017-07-14,0.007690000000000001,0.0076986500000000005,0.0073,0.007500000000000001,479429.09126108,3585.23791681,0.00747814,16.779204257369248
2017-07-15,0.00741857,0.0077,0.007300060000000001,0.00769432,496735.97243889,3710.18844239,0.00746913,15.39026289942982
2017-07-16,0.00726726,0.00752449,0.007,0.00741857,835322.02974616,6064.08394353,0.00725957,13.872517005940995
2017-07-17,0.00680971,0.007625,0.00677346,0.0072561100000000005,554203.74369434,3990.63128098,0.00720065,14.907257010633353
2017-07-18,0.006836399999999999,0.006971,0.00652238,0.00680971,765384.04369157,5160.20937024,0.00674198,15.448461012674382
2017-07-19,0.00630382,0.00689707,0.00623356,0.0068157,415288.14360769,2733.02625782,0.00658103,15.159460530452789
2017-07-20,0.0056500000000000005,0.00650353,0.0055393,0.00630379,600216.86840973,3621.46143228,0.00603358,15.683868685180379
2017-07-21,0.00600209,0.0066,0.0056500000000000005,0.0056500100000000004,655051.10471431,3961.45487881,0.0060475500000000005,16.492913931386724
2017-07-22,0.00590215,0.00606898,0.005728,0.0059996,348029.79295076,2050.90856728,0.00589291,16.43870517334391
2017-07-23,0.0058401600000000005,0.00597951,0.00579728,0.00590215,239060.56924527,1401.18488227,0.00586121,16.201450945903478
2017-07-24,0.00578559,0.00589487,0.00572972,0.00584359,181069.61852262,1051.67893841,0.00580814,16.013441457204358
2017-07-25,0.00570034,0.00581104,0.00561036,0.005779599999999999,271026.50974215,1546.56651361,0.00570632,14.77437093834473
2017-07-26,0.00579983,0.00583339,0.00568645,0.00570096,150999.02480859,871.70760348,0.00577293,14.379803737210343
2017-07-27,0.00543211,0.00582494,0.0054,0.00581247,216669.96387686,1212.80219611,0.00559746,14.43485315329886
2017-07-28,0.0049900000000000005,0.00543829,0.00488512,0.00542121,427096.0643111,2193.80932581,0.00513657,14.111360514077278
2017-07-29,0.00527383,0.0053487,0.0049074,0.00499004,235213.79116323,1185.37075011,0.00503954,13.691307193713538
2017-07-30,0.00496554,0.00529476,0.00496032,0.00527383,180849.19363333,926.51087684,0.00512311,13.739903165939019
2017-07-31,0.0048007300000000004,0.00505048,0.0047209999999999995,0.00498525,230902.98372504,1126.47946685,0.00487858,13.615866191262638
2017-08-01,0.00535953,0.00546718,0.0048000000000000004,0.00483047,307578.10436482,1573.12432649,0.00511455,14.148173165989943
2017-08-02,0.00540076,0.00553685,0.00525872,0.00535953,202008.60929871,1092.46188345,0.0054079900000000005,14.65156380522025
2017-08-03,0.00547885,0.00561942,0.0053069300000000005,0.00537763,202074.44781952,1111.48125412,0.00550035,15.150440475710246
2017-08-04,0.00517416,0.0055049800000000005,0.00515938,0.00547888,166277.74614628,883.93001785,0.0053159800000000005,15.085426177881613
2017-08-05,0.00480006,0.00518523,0.0047209999999999995,0.00517416,368337.70371158,1789.26353361,0.00485767,15.35667424119891
2017-08-06,0.0047737,0.0049900000000000005,0.00464244,0.00480007,223960.28929693,1081.09445387,0.00482717,15.622622331295
2017-08-07,0.00448269,0.00482477,0.0044518100000000005,0.00476221,306441.07042266,1414.59903231,0.00461621,15.39607206802348
2017-08-08,0.00468969,0.0047036,0.00438569,0.00448269,377620.43273978,1708.20652314,0.0045236,15.471647331902357
2017-08-09,0.00460044,0.00484193,0.004552,0.0046700100000000005,270589.97453246,1271.33481461,0.00469838,15.667252336735276
2017-08-10,0.00446463,0.00461999,0.0044502100000000005,0.00458551,175239.62531103,792.97071657,0.00452506,15.40558191259291
2017-08-11,0.0041405,0.0045000000000000005,0.00413374,0.00446464,276111.36386935,1192.81066722,0.00432003,15.246133975589144
2017-08-12,0.003962,0.00421979,0.00395413,0.00414002,118151.53713624,481.7453088,0.00407735,15.526505215615684
2017-08-13,0.00349027,0.0037700000000000003,0.0033,0.00376868,343794.66899361,1211.00209974,0.00352245,14.177235910605102
2017-08-14,0.00337506,0.00364464,0.00333412,0.00347271,108236.6679331,374.92967444,0.00346398,14.58691613423222
2017-08-15,0.00325744,0.00344008,0.0030377,0.00323719,308646.90377279,999.40228126,0.00323801,13.364269368161024
2017-08-16,0.003209,0.0034936200000000002,0.00316306,0.00324231,226930.66213838,746.05549725,0.00328759,13.778618817448432
2017-08-17,0.0032178700000000003,0.0032722999999999997,0.00309573,0.003209,209711.30047087,669.63621175,0.00319313,13.85320878970135
2017-08-18,0.0032700100000000003,0.00337638,0.00314854,0.00322077,327483.55252228,1065.70457435,0.00325422,13.600717061608792
2017-08-19,0.0032324800000000002,0.00341246,0.00322002,0.00328013,349213.76082861,1160.05382055,0.0033219,13.537773495431033
2017-08-20,0.00338001,0.0034500000000000004,0.00320003,0.00324472,208725.52106477,695.76520266,0.00333339,13.644978008207806
2017-08-21,0.00367124,0.00384542,0.00336003,0.00338701,627901.45538171,2218.16203709,0.00353265,14.202012349131836
2017-08-22,0.00355003,0.0038899900000000003,0.00340899,0.0036720100000000003,501536.78523331,1806.10530812,0.00360114,14.051828873614873
2017-08-23,0.00371543,0.00399498,0.0034016100000000002,0.00355004,854690.8033579,3187.8346389,0.00372981,15.499278370131504
2017-08-24,0.00349728,0.00384128,0.00345064,0.00370438,341097.46861771,1251.84478877,0.0036700500000000002,15.475336502847075
2017-08-25,0.00348065,0.00354698,0.003401,0.00348031,187196.26255318,651.95127407,0.00348271,15.210306656038883
2017-08-26,0.00353355,0.00357974,0.0034417700000000002,0.00348983,158887.97034325,558.70321017,0.0035163300000000002,15.169938661805975
2017-08-27,0.00370789,0.00376869,0.00345582,0.0035169999999999997,319827.45973657,1164.84031528,0.0036420800000000002,15.821795652937361
2017-08-28,0.0036097,0.00380502,0.00357565,0.00370789,377262.5537665,1388.45252831,0.00368033,15.83328410176321
2017-08-29,0.0034796999999999996,0.00369994,0.00342173,0.00360641,302616.0524837,1070.89528088,0.00353879,15.951715228298704
2017-08-30,0.00349346,0.00353993,0.00343785,0.0034625100000000002,179921.36835524,625.13992088,0.00347451,15.885775884713903
2017-08-31,0.00355369,0.00359652,0.00335,0.0034923999999999997,302014.32156913,1054.4918362,0.00349152,16.354145217977266
2017-09-01,0.004608999999999999,0.00470677,0.00347738,0.00355368,1670647.2954021,6847.98819239,0.004099,19.741572937850194
2017-09-02,0.00437527,0.00486011,0.0040931200000000004,0.0046067,1157052.9565279,5097.62801194,0.00440569,20.720572198529133
2017-09-03,0.0041800000000000006,0.00442226,0.00412725,0.00438992,292582.43224108,1245.56561363,0.00425714,19.57066068359509
2017-09-04,0.00391047,0.00421597,0.0038077999999999996,0.00418304,488046.04910037,1939.55516513,0.00397412,17.42275157085757
2017-09-05,0.00391,0.00395299,0.00380318,0.00391239,247806.04891872,961.65258579,0.00388066,16.741246697871734
2017-09-06,0.00420929,0.00421002,0.00387401,0.00388504,299139.43908543,1205.8064114,0.00403091,18.4183074456526
2017-09-07,0.00398399,0.00420929,0.00395,0.00420393,169073.13358674,684.39386859,0.00404791,18.627601164948018
2017-09-08,0.00388004,0.00403339,0.0037800000000000004,0.00399094,304423.57990753,1188.58902868,0.00390439,17.14586773631447
2017-09-09,0.0037615500000000002,0.003912,0.00369946,0.00388004,168919.81117113,638.57360726,0.00378033,16.273147438807992
2017-09-10,0.00358988,0.00380753,0.00353741,0.00376157,534195.53479071,1947.42471806,0.00364552,15.31308095136282
2017-09-11,0.00362407,0.0037914900000000002,0.003541,0.00358494,238607.84141634,870.30889472,0.00364744,15.410451168892182
2017-09-12,0.00361897,0.0037037100000000002,0.0035956300000000003,0.00362408,248278.79089441,906.55844953,0.00365137,15.450091181587787
2017-09-13,0.00366959,0.00369549,0.0035255,0.00361143,286959.78575542,1036.87043395,0.00361329,14.134850210428437
2017-09-14,0.00316535,0.00373298,0.0031500300000000003,0.00366381,716284.31558835,2483.84114618,0.00346767,12.232574919279227
2017-09-15,0.0030831,0.0033466,0.00287,0.00315864,1058767.0646136,3350.73111338,0.00316474,10.880135282051752
2017-09-16,0.00305463,0.00318109,0.00298367,0.0030880400000000002,373120.70190639,1152.76125144,0.00308951,11.556788471777612
2017-09-17,0.003,0.0030591200000000002,0.00292784,0.00303763,126684.97050828,380.55420562,0.00300394,10.971715053671145
2017-09-18,0.0029500000000000004,0.0031000000000000003,0.0029200100000000002,0.00299897,425259.05792842,1280.36286214,0.0030107800000000002,11.965122487143574
2017-09-19,0.002964,0.00303705,0.0029023300000000003,0.0029548,195958.60781343,579.42621894,0.0029568800000000003,11.721143924582263
2017-09-20,0.00290797,0.00297101,0.0028297500000000002,0.0029709999999999997,140905.58055733,409.4405885,0.0029057700000000002,11.457609574336317
2017-09-21,0.00279558,0.00294635,0.00275357,0.00290027,224776.92219114,643.49054818,0.00286279,10.698085616008369
2017-09-22,0.00281545,0.00284996,0.00274641,0.00279545,176323.30265628,492.08741178,0.00279082,10.097325743136013
2017-09-23,0.00279666,0.00287739,0.0027335700000000003,0.00281545,147800.89324338,414.20365341,0.0028024400000000002,10.438093983014715
2017-09-24,0.00285437,0.0028729999999999997,0.00279668,0.00280732,131032.54630825,371.44406355,0.00283474,10.47542718169515
2017-09-25,0.00279416,0.00285362,0.00277107,0.0028439999999999997,168935.79762936,474.34077488,0.00280781,10.811784301827522
2017-09-26,0.00297562,0.0030947600000000002,0.00277777,0.00280268,413563.61808611,1226.93495529,0.00296673,11.614141888024125
2017-09-27,0.00307426,0.00319999,0.00292631,0.00296171,547473.40677954,1661.28215508,0.00303445,12.359099056036516
2017-09-28,0.00315929,0.00329873,0.0030154500000000002,0.0030742400000000002,475810.15357578,1496.68796399,0.00314555,13.170833492054077
2017-09-29,0.0030475,0.00328565,0.00300668,0.00315928,371966.81171097,1157.83215344,0.0031127200000000002,12.842615469787564
2017-09-30,0.00302645,0.00319616,0.00302645,0.00304723,194148.02967381,601.26571596,0.00309694,13.245842734732914
2017-10-01,0.0029200100000000002,0.0030399900000000002,0.0029200000000000003,0.00302647,116847.89225598,347.66073631,0.00297532,12.818407271461854
2017-10-02,0.00282803,0.00293896,0.0028171999999999997,0.00292635,116531.8240979,335.10171875,0.00287562,12.654765202198298
2017-10-03,0.00285587,0.00285688,0.00277664,0.00283439,117313.39738342,329.1245397,0.00280551,12.08126378645206
2017-10-04,0.00278723,0.00285687,0.0027871999999999997,0.00285294,62241.19225487,176.23679247,0.00283151,12.022909933832414
2017-10-05,0.00275759,0.0028196700000000002,0.00273476,0.00279575,65956.8435436,182.63168074,0.00276895,11.836555982825043
2017-10-06,0.00281223,0.002855,0.0027506600000000003,0.00276221,74890.15866133,209.73135926,0.00280051,12.231863898742034
2017-10-07,0.0027884900000000002,0.00281959,0.00276668,0.00281223,55388.48962356,154.59919381,0.00279117,12.197599245166142
2017-10-08,0.00261047,0.0027933,0.00258734,0.00278612,149521.93289685,402.46964763,0.0026917,12.127894360960818
2017-10-09,0.00239792,0.00264984,0.00224306,0.00263023,283360.41626658,696.93711852,0.00245954,11.53884117740338
2017-10-10,0.00238825,0.00241543,0.002324,0.00238771,121537.4834118,287.52726507,0.00236574,11.39240030490887
2017-10-11,0.00237082,0.00242299,0.00233601,0.00238953,127891.47842328,304.30479384,0.00237939,11.413905883142434
2017-10-12,0.00215185,0.00238122,0.00215153,0.00237413,212615.57063756,479.35196943,0.00225454,11.593048577531427
2017-10-13,0.00212858,0.00220205,0.0018100100000000001,0.0021514,406825.04278306,842.7547517,0.00207154,11.652541174634116
2017-10-14,0.00208842,0.00217085,0.0020782500000000002,0.0021322900000000002,111648.90910003,237.44480862,0.0021267,12.113872388153602
2017-10-15,0.00209813,0.00220998,0.00207274,0.00209002,137940.53148971,293.70409266,0.0021292,11.958815414152859
2017-10-16,0.0020710900000000003,0.00214601,0.00205434,0.00209807,122962.04923711,259.12217756,0.00210733,11.98341261165558
2017-10-17,0.00210675,0.0022447500000000002,0.0020561200000000003,0.00207108,223478.15635669,479.70280779,0.0021465300000000002,12.05630841746428
2017-10-18,0.0020471400000000002,0.00215277,0.00194873,0.0021132,258764.50765056,533.61718236,0.00206217,11.084115962550964
2017-10-19,0.00197907,0.00206308,0.0019272999999999998,0.00205518,155676.38798026,309.80487211,0.00199005,11.248287685379069
2017-10-20,0.00185457,0.00200963,0.001836,0.00197513,166029.7437097,318.70592218,0.00191957,11.307374922967838
2017-10-21,0.00180481,0.00189365,0.00173285,0.0018498999999999998,145236.76798004,261.21884212,0.00179857,10.907134028919035
2017-10-22,0.00177521,0.00189054,0.00177502,0.00180412,126125.52226138,229.57411727,0.0018202,10.732541605620517
2017-10-23,0.0017010200000000001,0.00178718,0.00170017,0.0017752,257413.43210238,445.72737472,0.00173156,10.12814340648894
2017-10-24,0.00189803,0.00197589,0.00166361,0.0017012800000000001,261245.03227508,485.18289976,0.00185719,10.491146633800001
2017-10-25,0.00182714,0.00193192,0.00182475,0.00188722,116689.02742389,218.61297082,0.00187346,10.38110716424891
2017-10-26,0.00176606,0.00185,0.00174607,0.00182714,141978.50144515,253.6261047,0.00178636,10.469328734218713
2017-10-27,0.00177939,0.00179827,0.00170648,0.00176387,135496.97653234,238.13749098,0.00175751,10.211526768364457
2017-10-28,0.00181302,0.00183313,0.00176533,0.0017832500000000001,91082.4657268,162.97726782,0.00178933,10.283879504342222
2017-10-29,0.00175512,0.00193844,0.00172661,0.00180974,284447.74040901,522.22402117,0.00183592,11.041300597343866
2017-10-30,0.00176148,0.00179046,0.00174631,0.00175512,85143.01850347,150.28582149,0.00176509,10.80278530768667
2017-10-31,0.00162669,0.0017739,0.00162643,0.00176272,175998.41545687,300.72333028,0.00170867,10.759048186609597
2017-11-01,0.00150719,0.00164778,0.00149051,0.0016266800000000001,238246.27148641,378.45159574,0.00158848,10.405318188207925
2017-11-02,0.00142711,0.00151482,0.00129881,0.00149898,287556.92264021,409.063511,0.0014225400000000001,9.92807425952321
2017-11-03,0.00174781,0.00176896,0.00137264,0.0014191100000000001,394174.96369227,612.11940112,0.00155291,11.261426410609396
2017-11-04,0.0015922900000000001,0.00176951,0.00156602,0.0017407999999999998,385361.22187098,634.55006262,0.00164663,11.972415974832638
2017-11-05,0.00176999,0.0019,0.00157612,0.00159715,748886.94330033,1319.53551667,0.00176199,13.147565311533125
2017-11-06,0.00199561,0.00209774,0.00176303,0.00177501,851154.52234446,1684.98411808,0.00197964,14.204486293720876
2017-11-07,0.00190185,0.002049,0.00187008,0.0019928,328843.87092532,643.25409142,0.0019561,13.895213075545403
2017-11-08,0.00186159,0.001972,0.00177545,0.00190175,400506.84373677,751.13765168,0.00187546,13.925036122972204
2017-11-09,0.00197998,0.00201,0.00186161,0.00186161,346502.73262696,676.79196801,0.0019532,14.124237546560591
2017-11-10,0.0022,0.0022400000000000002,0.00193826,0.00197998,616760.80037176,1303.02100014,0.00211268,14.42544964595574
2017-11-11,0.00302152,0.0030965100000000002,0.0021543,0.0021939999999999998,1825417.3608371,4890.57375517,0.00267915,17.31549256571043
2017-11-12,0.00249002,0.00362684,0.0024089,0.00304,2101410.3290413,6256.30134832,0.0029771900000000002,17.881853015318864
2017-11-13,0.00243839,0.00267363,0.00221642,0.00249753,1120060.9775624,2701.68778177,0.00241208,15.39353148344294
2017-11-14,0.00265,0.00286725,0.0024319999999999997,0.0024449100000000002,873009.04088467,2294.05987094,0.0026277600000000003,17.35579098521949
2017-11-15,0.00236,0.0026532500000000002,0.00229699,0.00265,322123.32221221,789.34046283,0.00245042,17.28965022492339
2017-11-16,0.00213057,0.00239999,0.00210933,0.00236001,333178.4860083,741.14508871,0.00222446,16.752621126919124
2017-11-17,0.00221682,0.00224766,0.00211005,0.00214426,235666.14112601,514.32568163,0.00218243,17.036274406660535
2017-11-18,0.0022814,0.00237092,0.00219354,0.00222726,250007.53069392,570.13418751,0.00228046,17.521371497284676
2017-11-19,0.00222935,0.00239517,0.00218975,0.0022708,279330.98231007,639.09448733,0.00228794,18.05283408825985
2017-11-20,0.00224012,0.002345,0.0022212300000000003,0.00222935,196288.16124126,448.01076002,0.00228241,18.57805431055536
2017-11-21,0.00218188,0.00228296,0.00217202,0.0022467,241273.24818259,533.10595803,0.0022095500000000002,17.924039756964923
2017-11-22,0.00217804,0.00221,0.00214322,0.00218138,160301.83286094,348.77576577,0.0021757400000000002,17.821517239908438
2017-11-23,0.00223775,0.00230933,0.00216073,0.00218283,314180.75874463,704.69901338,0.00224297,18.307290326470095
2017-11-24,0.00255,0.00262587,0.00210009,0.0022378,619255.9213916,1451.78124576,0.00234439,19.088174296759632
2017-11-25,0.00243219,0.00265,0.00241207,0.00255002,484169.40023685,1230.22117987,0.00254088,21.57099117019324
2017-11-26,0.00233842,0.00245537,0.00226265,0.0024357100000000002,241681.72564718,571.22150871,0.00236352,21.53328532779304
2017-11-27,0.00253428,0.00270389,0.00223538,0.00233833,652961.89115961,1606.96910355,0.00246104,23.54375980399362
2017-11-28,0.003181,0.00337122,0.00252697,0.0025344,1480816.2137538,4529.28164132,0.00305863,30.05837737126203
2017-11-29,0.00248001,0.00321121,0.00244445,0.003181,1153998.5998766,3132.57813114,0.00271454,28.113607155968992
2017-11-30,0.0026064400000000002,0.00276296,0.00240295,0.0024939999999999997,571370.80167362,1454.50433572,0.00254563,24.98199157997609
2017-12-01,0.00275273,0.0028899900000000003,0.00251168,0.00260646,418578.81813857,1125.91333144,0.00268984,27.732961613331838
2017-12-02,0.00265885,0.00279899,0.00258758,0.00273722,247488.5788196,668.65770505,0.00270177,29.537448288053646
2017-12-03,0.00257977,0.002696,0.0025472999999999997,0.00264542,200943.86570713,522.80727562,0.00260175,29.323888907368012
2017-12-04,0.00252162,0.0025880400000000002,0.00250162,0.00258172,134804.97966285,342.57752674,0.00254128,28.852501737567707
2017-12-05,0.00241172,0.00252775,0.00238005,0.00251931,235670.24204627,576.86089042,0.00244774,28.60188007048591
2017-12-06,0.00182247,0.00241413,0.0017238,0.0024140999999999998,503088.2564671,1050.6645269,0.00208842,26.585462567675286
2017-12-07,0.0014,0.0019402999999999998,0.00137996,0.00183175,856884.1278745,1425.99885047,0.00166416,25.20493064802124
2017-12-08,0.001746,0.00179834,0.00130933,0.00139432,1131038.2822217,1796.79420261,0.00158862,24.789478868490047
2017-12-09,0.00187523,0.0021000000000000003,0.00167742,0.0017496999999999999,584192.58891047,1104.53505159,0.0018907,27.97970830905625
2017-12-10,0.00170441,0.00192661,0.00163434,0.00187605,503018.81564622,898.00885564,0.00178523,25.97465552258846
2017-12-11,0.0016036800000000001,0.00184994,0.00150003,0.00169327,425866.42359258,707.11238362,0.0016604,27.479745668966324
2017-12-12,0.00174319,0.0019394100000000001,0.00158174,0.00161146,881937.9768199,1525.12772766,0.00172929,29.391998205994764
2017-12-13,0.0017981,0.0019600000000000004,0.00167,0.0017437400000000001,843605.96726561,1528.18581373,0.00181149,30.24482248916568
2017-12-14,0.00191635,0.002094,0.0017752900000000001,0.0017981,715681.62249745,1362.67666293,0.00190402,31.39489988601088
2017-12-15,0.00179699,0.00193348,0.00153307,0.00191635,653834.5972801,1115.41297383,0.0017059500000000001,29.693598389965373
2017-12-16,0.00174997,0.00217233,0.0017100000000000001,0.0017935,1051628.7182909,2051.84756994,0.00195111,36.21656299920961
2017-12-17,0.00179438,0.001882,0.00170983,0.00175281,395099.53930312,703.01359155,0.00177933,34.22924667265284
2017-12-18,0.00200664,0.0022,0.001746,0.00179713,1006611.3343846,2006.13418919,0.00199295,37.237389714003044
2017-12-19,0.0021553600000000003,0.0023,0.00199498,0.00201251,906507.30774523,1963.06614956,0.00216552,39.01227892094021
2017-12-20,0.0023747300000000002,0.00246722,0.00211404,0.00216722,662207.83073002,1526.94394469,0.00230583,38.34170661399984
2017-12-21,0.00238416,0.00249999,0.00231,0.0023742900000000003,600711.88662903,1446.29624011,0.00240763,38.37366797492294
2017-12-22,0.0020621,0.00239615,0.00190077,0.00238416,917584.33494675,1953.66828948,0.00212914,28.529484022613644
2017-12-23,0.00204458,0.00219508,0.0020254500000000003,0.00206219,390312.02896047,816.59942994,0.00209217,31.135658997499565
2017-12-24,0.0020296999999999997,0.0020800000000000003,0.001984,0.00203493,321793.13558322,651.48893769,0.00202455,27.839433107092482
2017-12-25,0.002098,0.0021200000000000004,0.00202464,0.00203172,333441.54287133,692.60195259,0.00207713,29.041044604012622
2017-12-26,0.00190579,0.0021754,0.00182602,0.002098,445270.77070638,882.24421625,0.00198136,30.55218446993206
2017-12-27,0.0018818700000000001,0.00193753,0.00183271,0.00190583,276616.1781211,522.54085506,0.00188904,29.255804595511556
2017-12-28,0.0018812500000000001,0.00192938,0.00181964,0.00187246,406851.88123963,763.82897901,0.0018774100000000001,26.750906384477354
2017-12-29,0.00189977,0.00196232,0.0018472,0.0018809999999999999,363821.89833868,690.45394025,0.00189778,27.649488907246525
2017-12-30,0.0019176500000000001,0.00198742,0.00186633,0.0018998700000000001,471496.30879011,904.11810121,0.00191755,25.5590281492787
2017-12-31,0.0018839999999999998,0.00195431,0.001864,0.00192142,257176.67437252,489.08915479,0.00190176,25.439765972025192
2018-01-01,0.0021855,0.00240411,0.00186855,0.0018839999999999998,844736.5256306,1853.49758727,0.00219417,29.523969734182398
2018-01-02,0.00216288,0.0024879999999999998,0.0019894,0.002185,930813.29971673,2101.78045991,0.002258,31.921374978612583
2018-01-03,0.00218339,0.00225911,0.00203,0.00216431,570648.58730455,1210.61480429,0.00212147,31.857891709187594
2018-01-04,0.00222494,0.002562,0.00207563,0.00219,1021336.5890222,2383.40113191,0.0023336,34.67917729528894
2018-01-05,0.00184001,0.00237218,0.00180723,0.00221009,738905.36228163,1554.35147482,0.00210358,33.579941748680845
2018-01-06,0.0019809,0.00206001,0.00180503,0.00184004,441234.59265408,869.00576682,0.00196948,32.88711852830215
2018-01-07,0.0021811,0.0022877600000000002,0.00198089,0.0019828800000000002,495440.3407562,1056.21044609,0.00213186,34.99632830118898
2018-01-08,0.00225775,0.00240353,0.00202716,0.0021853,998173.91269176,2261.72199524,0.0022658500000000002,34.20669289051146
2018-01-09,0.00260325,0.0027092600000000002,0.00216399,0.00225488,1034599.752538,2452.01199904,0.00237001,35.019934613529415
2018-01-10,0.00244192,0.00276324,0.0024389999999999998,0.00260325,1197447.1918101,3115.92263957,0.0026021300000000002,36.87212888215189
2018-01-11,0.00244934,0.00256528,0.00235944,0.0024419100000000003,635825.44494421,1567.5751527,0.00246541,33.51790266018221
2018-01-12,0.00259999,0.00269399,0.0023829800000000003,0.0024381200000000002,388097.93604895,966.26357007,0.0024897400000000003,33.893269060609114
2018-01-13,0.0029690800000000002,0.0029876,0.0025183,0.00259999,785400.02527385,2177.90702521,0.00277299,39.61006244151654
2018-01-14,0.0031341900000000002,0.003457,0.00296911,0.00297002,1132125.7021263,3605.49993862,0.00318471,43.42344900600928
2018-01-15,0.00294168,0.003183,0.00286453,0.00313913,522258.26923523,1577.34498506,0.00302023,41.86523927918336
2018-01-16,0.0025157,0.00298598,0.0023,0.00295022,796980.89247744,2174.2499373,0.0027281,32.18976519362384
2018-01-17,0.00262101,0.00272564,0.00238256,0.0025157,676348.01744607,1723.75059118,0.00254861,26.82417196266423
2018-01-18,0.00266613,0.0027600000000000003,0.0025341,0.0026018,417628.83937935,1110.55363062,0.00265918,30.69051716880064
2018-01-19,0.00275797,0.002874,0.0026322999999999997,0.00266584,330347.79237982,914.30009976,0.0027676800000000002,31.87152434341183
2018-01-20,0.0027500000000000003,0.00284664,0.002634,0.0027486,245043.73605751,664.44241065,0.0027115200000000002,33.780450375970204
2018-01-21,0.00263732,0.0028439999999999997,0.002575,0.00274999,206281.06290166,552.26224822,0.00267723,31.747653791968265
2018-01-22,0.0026849,0.00282899,0.00260503,0.00263732,215206.7279791,579.14436921,0.0026911,29.293013133799708
2018-01-23,0.00260401,0.00272264,0.0026000000000000003,0.0026958900000000003,168004.0481911,446.48428985,0.00265758,28.473614355373034
2018-01-24,0.0026089999999999998,0.0026636999999999997,0.00258863,0.00260515,176366.06359927,463.15394378,0.00262609,28.946839880588318
2018-01-25,0.00259846,0.00265298,0.00254026,0.00260813,135366.95233956,352.02084549,0.00260049,29.340808657690047
2018-01-26,0.0025819,0.00262356,0.0025009999999999998,0.00259646,186052.86626868,475.7984197,0.00255732,27.907127154519344
2018-01-27,0.0025808100000000002,0.0026283,0.00253708,0.0025819,129641.13026209,334.82617906,0.00258271,29.088969922758753
2018-01-28,0.0027427,0.002885,0.00255451,0.002583,282441.03064211,767.98262521,0.00271909,31.559887423160145
2018-01-29,0.00276502,0.00281599,0.0026865500000000002,0.0027427,146187.1357475,403.43734377,0.00275973,30.972517358007448
